image_id,cell_id,x,y,area,circularity,mean_intensity,mean_saturation,nucleus_score,patch_path,bbox_min_row,bbox_min_col,bbox_max_row,bbox_max_col,cell_type,review_status
4-1 10x,4-1 10x_0001,345.0,1511.5,9674.0,0.0614957787713855,37.95182964647509,36.2052925366963,0.2794087244159603,data/annotations/patches_test_default/4-1 10x/4-1 10x_0001.jpg,1497,0,1527,699,,pending
4-1 10x,4-1 10x_0002,345.0,1526.0,10365.0,0.06570128457204409,37.67544621321756,36.68914616497829,0.2521948866377231,data/annotations/patches_test_default/4-1 10x/4-1 10x_0002.jpg,1511,0,1542,699,,pending
4-1 10x,4-1 10x_0003,3627.3609870094165,1528.4998281668843,14549.0,0.06724996692180137,37.947968932572685,44.33816757165441,0.2703278575847137,data/annotations/patches_test_default/4-1 10x/4-1 10x_0003.jpg,1512,3215,1546,4032,,pending
4-1 10x,4-1 10x_0004,345.0,1540.5,9674.0,0.0614957787713855,37.91048170353525,36.69350837295845,0.2931569154434567,data/annotations/patches_test_default/4-1 10x/4-1 10x_0004.jpg,1526,0,1556,699,,pending
4-1 10x,4-1 10x_0005,3627.5,1544.5,11312.0,0.05285201680161769,37.76564710042433,44.535095473833096,0.2658239038189533,data/annotations/patches_test_default/4-1 10x/4-1 10x_0005.jpg,1530,3216,1560,4032,,pending
4-1 10x,4-1 10x_0006,345.0,1556.0,11747.0,0.074040175472316,37.7507448710309,36.78088022473823,0.29922533412786245,data/annotations/patches_test_default/4-1 10x/4-1 10x_0006.jpg,1540,0,1573,699,,pending
4-1 10x,4-1 10x_0007,3627.5,1559.5,12928.0,0.060108734002298186,37.5392172029703,44.77730507425743,0.26523824257425743,data/annotations/patches_test_default/4-1 10x/4-1 10x_0007.jpg,1544,3216,1576,4032,,pending
